{
  "さいたま市": {
    "岩槻区": {
      "当日9:30締め": {
        "平日": "当日14:00頃までに配送",
        "土曜日": "当日中に配送"
      },
      "当日13:00締め": {
        "平日": "当日中に配送"
      }
    },
    "浦和区": {
      "当日9:30締め": {
        "平日": "当日14:00頃までに配送",
        "土曜日": "当日中に配送"
      },
      "当日13:00締め": {
        "平日": "当日中に配送"
      }
    },
    "大宮区": {
      "当日9:30締め": {
        "平日": "当日14:00頃までに配送",
        "土曜日": "当日中に配送"
      },
      "当日13:00締め": {
        "平日": "当日中に配送"
      }
    },
    "北区": {
      "当日9:30締め": {
        "平日": "当日14:00頃までに配送",
        "土曜日": "当日中に配送"
      },
      "当日13:00締め": {
        "平日": "当日中に配送"
      }
    },
    "桜区": {
      "当日9:30締め": {
        "平日": "当日14:00頃までに配送",
        "土曜日": "当日中に配送"
      },
      "当日13:00締め": {
        "平日": "当日中に配送"
      }
    },
    "中央区": {
      "当日9:30締め": {
        "平日": "当日14:00頃までに配送",
        "土曜日": "当日中に配送"
      },
      "当日13:00締め": {
        "平日": "当日中に配送"
      }
    },
    "西区": {
      "当日9:30締め": {
        "平日": "当日14:00頃までに配送",
        "土曜日": "当日中に配送"
      },
      "当日13:00締め": {
        "平日": "当日中に配送"
      }
    },
    "緑区": {
      "当日9:30締め": {
        "平日": "当日14:00頃までに配送",
        "土曜日": "当日中に配送"
      },
      "当日13:00締め": {
        "平日": "当日中に配送"
      }
    },
    "南区": {
      "当日9:30締め": {
        "平日": "当日14:00頃までに配送",
        "土曜日": "当日中に配送"
      },
      "当日13:00締め": {
        "平日": "当日中に配送"
      }
    },
    "見沼区": {
      "当日9:30締め": {
        "平日": "当日14:00頃までに配送",
        "土曜日": "当日中に配送"
      },
      "当日13:00締め": {
        "平日": "当日中に配送"
      }
    }
  },
  "上尾市": {
    "前日17:00締め": {
      "平日": "11:00頃までに配送",
      "土曜日": "11:00頃までに配送"
    },
    "当日9:30締め": {
      "平日": "当日中に配送",
      "土曜日": "当日中に配送"
    }
  },
  "朝霞市": {
    "当日9:30締め": {
      "平日": "当日14:00頃までに配送",
      "土曜日": "当日中に配送"
    },
    "当日13:00締め": {
      "平日": "当日中に配送"
    }
  },
  "入間郡三芳町": {
    "前日17:00締め": {
      "平日": "11:00頃までに配送",
      "土曜日": "11:00頃までに配送"
    },
    "当日9:30締め": {
      "平日": "当日中に配送",
      "土曜日": "当日中に配送"
    }
  },
  "入間市": {
    "前日17:00締め": {
      "平日": "11:00頃までに配送",
      "土曜日": "11:00頃までに配送"
    },
    "当日9:30締め": {
      "平日": "当日中に配送",
      "土曜日": "当日中に配送"
    }
  },
  "桶川市": {
    "当日9:30締め": {
      "平日": "当日中に配送",
      "土曜日": "当日中に配送"
    }
  },
  "春日部市": {
    "前日17:00締め": {
      "平日": "11:00頃までに配送",
      "土曜日": "11:00頃までに配送"
    },
    "当日9:30締め": {
      "平日": "当日中に配送",
      "土曜日": "当日中に配送"
    }
  },
  "川口市": {
    "当日9:30締め": {
      "平日": "14:00頃までに配送",
      "土曜日": "当日中に配送"
    },
    "当日13:00締め": {
      "平日": "当日中に配送"
    }
  },
  "川越市": {
    "前日17:00締め": {
      "平日": "11:00頃までに配送",
      "土曜日": "11:00頃までに配送"
    },
    "当日9:30締め": {
      "平日": "当日中に配送",
      "土曜日": "当日中に配送"
    }
  },
  "北足立郡伊奈町": {
    "当日9:30締め": {
      "平日": "当日中に配送",
      "土曜日": "当日中に配送"
    }
  },
  "北葛飾郡松伏町": {
    "前日17:00締め": {
      "平日": "11:00頃までに配送",
      "土曜日": "11:00頃までに配送"
    },
    "当日9:30締め": {
      "平日": "当日中に配送",
      "土曜日": "当日中に配送"
    }
  },
  "北本市": {
    "当日9:30締め": {
      "平日": "当日中に配送",
      "土曜日": "当日中に配送"
    }
  },
  "越谷市": {
    "前日17:00締め": {
      "平日": "11:00頃までに配送",
      "土曜日": "11:00頃までに配送"
    },
    "当日9:30締め": {
      "平日": "当日中に配送",
      "土曜日": "当日中に配送"
    }
  },
  "坂戸市": {
    "当日9:30締め": {
      "平日": "当日中に配送",
      "土曜日": "当日中に配送"
    }
  },
  "狭山市": {
    "前日17:00締め": {
      "平日": "11:00頃までに配送",
      "土曜日": "11:00頃までに配送"
    },
    "当日9:30締め": {
      "平日": "当日中に配送",
      "土曜日": "当日中に配送"
    }
  },
  "志木市": {
    "当日9:30締め": {
      "平日": "当日14:00頃までに配送",
      "土曜日": "当日中に配送"
    },
    "当日13:00締め": {
      "平日": "当日中に配送"
    }
  },
  "白岡市": {
    "当日9:30締め": {
      "平日": "当日中に配送",
      "土曜日": "当日中に配送"
    }
  },
  "草加市": {
    "前日17:00締め": {
      "平日": "11:00頃までに配送",
      "土曜日": "11:00頃までに配送"
    },
    "当日9:30締め": {
      "平日": "当日中に配送",
      "土曜日": "当日中に配送"
    }
  },
  "鶴ヶ島市": {
    "当日9:30締め": {
      "平日": "当日中に配送",
      "土曜日": "当日中に配送"
    }
  },
  "所沢市": {
    "前日17:00締め": {
      "平日": "11:00頃までに配送",
      "土曜日": "11:00頃までに配送"
    },
    "当日9:30締め": {
      "平日": "当日中に配送",
      "土曜日": "当日中に配送"
    }
  },
  "戸田市": {
    "当日9:30締め": {
      "平日": "当日14:00頃までに配送",
      "土曜日": "当日中に配送"
    },
    "当日13:00締め": {
      "平日": "当日中に配送"
    }
  },
  "新座市": {
    "当日9:30締め": {
      "平日": "当日14:00頃までに配送",
      "土曜日": "当日中に配送"
    },
    "当日13:00締め": {
      "平日": "当日中に配送"
    }
  },
   "蓮田市": {
    "当日9:30締め": {
      "平日": "当日中に配送",
      "土曜日": "当日中に配送"
    }
  },
  "飯能市": {
    "青木（アオキ）": {
      "当日9:30締め": {
        "平日": "当日中に配送",
        "土曜日": "当日中に配送"
      }
    },
    "赤沢（アカザワ）": "路線便対応",
    "茜台（アカネダイ）": {
      "当日9:30締め": {
        "平日": "当日中に配送",
        "土曜日": "当日中に配送"
      }
    },
    "吾野（アガノ）": "路線便対応",
    "芦苅場（アシカリバ）": {
      "当日9:30締め": {
        "平日": "当日中に配送",
        "土曜日": "当日中に配送"
      }
    },
    "阿須（アズ）": "路線便対応",
    "東町（アズマチョウ）": {
      "当日9:30締め": {
        "平日": "当日中に配送",
        "土曜日": "当日中に配送"
      }
    },
    "稲荷町（イナリチョウ）": {
      "当日9:30締め": {
        "平日": "当日中に配送",
        "土曜日": "当日中に配送"
      }
    },
    "井上（イノウエ）": "路線便対応",
    "岩沢（イワサワ）": {
      "当日9:30締め": {
        "平日": "当日中に配送",
        "土曜日": "当日中に配送"
      }
    },
    "岩淵（イワブチ）": "路線便対応",
    "大河原（オオカワハラ）": "路線便対応",
    "落合（オチアイ）": "路線便対応",
    "笠縫（カサヌイ）": {
      "当日9:30締め": {
        "平日": "当日中に配送",
        "土曜日": "当日中に配送"
      }
    },
    "上赤工（カミアカダクミ）": "路線便対応",
    "上直竹上分（カミナオタケカミブン）": "路線便対応",
    "上直竹下分（カミナオタケシモブン）": "路線便対応",
    "上長沢（カミナガサワ）": "路線便対応",
    "上名栗（カミナグリ）": "路線便対応",
    "上畑（カミハタ）": "路線便対応",
    "唐竹（カラタケ）": "路線便対応",
    "苅生（カロウ）": "路線便対応",
    "川崎（カワサキ）": {
      "当日9:30締め": {
        "平日": "当日中に配送",
        "土曜日": "当日中に配送"
      }
    },
    "川寺（カワデラ）": {
      "当日9:30締め": {
        "平日": "当日中に配送",
        "土曜日": "当日中に配送"
      }
    },
    "北川（キタガワ）": "路線便対応",
    "久下（クゲ）": {
      "当日9:30締め": {
        "平日": "当日中に配送",
        "土曜日": "当日中に配送"
      }
    },
    "久須美（クスミ）": "路線便対応",
    "小岩井（コイワイ）": "路線便対応",
    "小久保（コクボ）": {
      "当日9:30締め": {
        "平日": "当日中に配送",
        "土曜日": "当日中に配送"
      }
    },
    "虎秀（コシュウ）": "路線便対応",
    "小瀬戸（コセド）": "路線便対応",
    "坂石（サカイシ）": "路線便対応",
    "坂石町分（サカイシマチブン）": "路線便対応",
    "栄町（サカエチョウ）": {
      "当日9:30締め": {
        "平日": "当日中に配送",
        "土曜日": "当日中に配送"
      }
    },
    "坂元（サカモト）": "路線便対応",
    "下赤工（シモアカダクミ）": "路線便対応",
    "下加治（シモカジ）": {
      "当日9:30締め": {
        "平日": "当日中に配送",
        "土曜日": "当日中に配送"
      }
    },
    "下川崎（シモカワサキ）": {
      "当日9:30締め": {
        "平日": "当日中に配送",
        "土曜日": "当日中に配送"
      }
    },
    "下直竹（シモナオタケ）": "路線便対応",
    "下名栗（シモナグリ）": "路線便対応",
    "下畑（シモハタ）": "路線便対応",
    "白子（シラコ）": "路線便対応",
    "新光（シンコウ）": {
      "当日9:30締め": {
        "平日": "当日中に配送",
        "土曜日": "当日中に配送"
      }
    },
    "新町（シンマチ）": {
      "当日9:30締め": {
        "平日": "当日中に配送",
        "土曜日": "当日中に配送"
      }
    },
    "征矢町（ソヤチョウ）": "路線便対応",
    "高山（タカヤマ）": "路線便対応",
    "中居（ナカイ）": {
      "当日9:30締め": {
        "平日": "当日中に配送",
        "土曜日": "当日中に配送"
      }
    },
    "仲町（ナカチョウ）": {
      "当日9:30締め": {
        "平日": "当日中に配送",
        "土曜日": "当日中に配送"
      }
    },
    "中藤上郷（ナカトウカミゴウ）": "路線便対応",
    "中藤下郷（ナカトウシモゴウ）": "路線便対応",
    "中藤中郷（ナカトウナカゴウ）": "路線便対応",
    "長沢（ナガサワ）": "路線便対応",
    "永田（ナガタ）": {
      "当日9:30締め": {
        "平日": "当日中に配送",
        "土曜日": "当日中に配送"
      }
    },
    "永田台（ナガタダイ）": {
      "当日9:30締め": {
        "平日": "当日中に配送",
        "土曜日": "当日中に配送"
      }
    },
    "双柳（ナミヤナギ）": {
      "当日9:30締め": {
        "平日": "当日中に配送",
        "土曜日": "当日中に配送"
      }
    },
    "八幡町（ハチマンチョウ）": {
      "当日9:30締め": {
        "平日": "当日中に配送",
        "土曜日": "当日中に配送"
      }
    },
    "八幡町（ハチマンチョウ）": {
      "当日9:30締め": {
        "平日": "当日中に配送",
        "土曜日": "当日中に配送"
      }
    },
    "原市場（ハライチバ）": "路線便対応",
    "原町（ハラマチ）": {
      "当日9:30締め": {
        "平日": "当日中に配送",
        "土曜日": "当日中に配送"
      }
    },
    "飯能（ハンノウ）": {
      "当日9:30締め": {
        "平日": "当日中に配送",
        "土曜日": "当日中に配送"
      }
    },
    "平戸（ヒラット）": "路線便対応",
    "平松（ヒラマツ）": {
      "当日9:30締め": {
        "平日": "当日中に配送",
        "土曜日": "当日中に配送"
      }
    },
    "本町（ホンチョウ）": {
      "当日9:30締め": {
        "平日": "当日中に配送",
        "土曜日": "当日中に配送"
      }
    },
    "前ヶ貫（マエガヌキ）": "路線便対応",
    "美杉台（ミスギダイ）": "路線便対応",
    "緑町（ミドリチョウ）": {
      "当日9:30締め": {
        "平日": "当日中に配送",
        "土曜日": "当日中に配送"
      }
    },
    "南（ミナミ）": "路線便対応",
    "南川（ミナミカワ）": "路線便対応",
    "南町（ミナミチョウ）": {
      "当日9:30締め": {
        "平日": "当日中に配送",
        "土曜日": "当日中に配送"
      }
    },
    "宮沢（ミヤザワ）": {
      "当日9:30締め": {
        "平日": "当日中に配送",
        "土曜日": "当日中に配送"
      }
    },
    "矢颪（ヤオロシ）": "路線便対応",
    "柳町（ヤナギチョウ）": {
      "当日9:30締め": {
        "平日": "当日中に配送",
        "土曜日": "当日中に配送"
      }
    },
    "山手町（ヤマテチョウ）": {
      "当日9:30締め": {
        "平日": "当日中に配送",
        "土曜日": "当日中に配送"
      }
    }
  },
  "比企郡川島町": {
    "当日9:30締め": {
      "平日": "当日中に配送",
      "土曜日": "当日中に配送"
    }
  },
  "日高市": {
    "当日9:30締め": {
      "平日": "当日中に配送",
      "土曜日": "当日中に配送"
    }
  },
  "富士見市": {
    "前日17:00締め": {
      "平日": "11:00頃までに配送",
      "土曜日": "11:00頃までに配送"
    },
    "当日9:30締め": {
      "平日": "当日中に配送",
      "土曜日": "当日中に配送"
    }
  },
  "ふじみ野市": {
    "前日17:00締め": {
      "平日": "11:00頃までに配送",
      "土曜日": "11:00頃までに配送"
    },
    "当日9:30締め": {
      "平日": "当日中に配送",
      "土曜日": "当日中に配送"
    }
  },
  "三郷市": {
    "前日17:00締め": {
      "平日": "11:00頃までに配送",
      "土曜日": "11:00頃までに配送"
    },
    "当日9:30締め": {
      "平日": "当日中に配送",
      "土曜日": "当日中に配送"
    }
  },
  "南埼玉郡宮代町": {
    "当日9:30締め": {
      "平日": "当日中に配送",
      "土曜日": "当日中に配送"
    }
  },
  "八潮市": {
    "前日17:00締め": {
      "平日": "11:00頃までに配送",
      "土曜日": "11:00頃までに配送"
    },
    "当日9:30締め": {
      "平日": "当日中に配送",
      "土曜日": "当日中に配送"
    }
  },
  "吉川市": {
    "前日17:00締め": {
      "平日": "11:00頃までに配送",
      "土曜日": "11:00頃までに配送"
    },
    "当日9:30締め": {
      "平日": "当日中に配送",
      "土曜日": "当日中に配送"
    }
  },
  "和光市": {
    "当日9:30締め": {
      "平日": "当日14:00頃までに配送",
      "土曜日": "当日中に配送"
    },
    "当日13:00締め": {
      "平日": "当日中に配送"
    }
  },
  "蕨市": {
    "当日9:30締め": {
      "平日": "当日14:00頃までに配送",
      "土曜日": "当日中に配送"
    },
    "当日13:00締め": {
      "平日": "当日中に配送"
    }
  }
}
